[{"fields": {"model": "logentry", "app_label": "admin"}, "model": "contenttypes.contenttype", "pk": 1}, {"fields": {"model": "permission", "app_label": "auth"}, "model": "contenttypes.contenttype", "pk": 2}, {"fields": {"model": "group", "app_label": "auth"}, "model": "contenttypes.contenttype", "pk": 3}, {"fields": {"model": "user", "app_label": "auth"}, "model": "contenttypes.contenttype", "pk": 4}, {"fields": {"model": "contenttype", "app_label": "contenttypes"}, "model": "contenttypes.contenttype", "pk": 5}, {"fields": {"model": "session", "app_label": "sessions"}, "model": "contenttypes.contenttype", "pk": 6}, {"fields": {"model": "manufacturer", "app_label": "home"}, "model": "contenttypes.contenttype", "pk": 7}, {"fields": {"model": "manufacturermodel", "app_label": "home"}, "model": "contenttypes.contenttype", "pk": 8}, {"fields": {"model": "repairshop", "app_label": "home"}, "model": "contenttypes.contenttype", "pk": 9}, {"fields": {"model": "shop", "app_label": "home"}, "model": "contenttypes.contenttype", "pk": 10}, {"fields": {"model": "machine", "app_label": "home"}, "model": "contenttypes.contenttype", "pk": 11}, {"fields": {"model": "implement", "app_label": "home"}, "model": "contenttypes.contenttype", "pk": 12}, {"fields": {"model": "employee", "app_label": "home"}, "model": "contenttypes.contenttype", "pk": 13}, {"fields": {"model": "employeewithdrawn", "app_label": "home"}, "model": "contenttypes.contenttype", "pk": 14}, {"fields": {"model": "employeeattendance", "app_label": "home"}, "model": "contenttypes.contenttype", "pk": 15}, {"fields": {"model": "qualification", "app_label": "home"}, "model": "contenttypes.contenttype", "pk": 16}, {"fields": {"model": "certification", "app_label": "home"}, "model": "contenttypes.contenttype", "pk": 17}, {"fields": {"model": "employeequalifications", "app_label": "home"}, "model": "contenttypes.contenttype", "pk": 18}, {"fields": {"model": "employeecertifications", "app_label": "home"}, "model": "contenttypes.contenttype", "pk": 19}, {"fields": {"model": "machinequalification", "app_label": "home"}, "model": "contenttypes.contenttype", "pk": 20}, {"fields": {"model": "machinecertification", "app_label": "home"}, "model": "contenttypes.contenttype", "pk": 21}, {"fields": {"model": "implementqualification", "app_label": "home"}, "model": "contenttypes.contenttype", "pk": 22}, {"fields": {"model": "implementcertification", "app_label": "home"}, "model": "contenttypes.contenttype", "pk": 23}, {"fields": {"model": "field", "app_label": "home"}, "model": "contenttypes.contenttype", "pk": 24}, {"fields": {"model": "gps", "app_label": "home"}, "model": "contenttypes.contenttype", "pk": 25}, {"fields": {"model": "fieldlocalization", "app_label": "home"}, "model": "contenttypes.contenttype", "pk": 26}, {"fields": {"model": "employeelocalization", "app_label": "home"}, "model": "contenttypes.contenttype", "pk": 27}, {"fields": {"model": "taskcategory", "app_label": "home"}, "model": "contenttypes.contenttype", "pk": 28}, {"fields": {"model": "task", "app_label": "home"}, "model": "contenttypes.contenttype", "pk": 29}, {"fields": {"model": "employeetask", "app_label": "home"}, "model": "contenttypes.contenttype", "pk": 30}, {"fields": {"model": "taskimplementmachine", "app_label": "home"}, "model": "contenttypes.contenttype", "pk": 31}, {"fields": {"model": "appendix", "app_label": "home"}, "model": "contenttypes.contenttype", "pk": 32}, {"fields": {"model": "appendixtask", "app_label": "home"}, "model": "contenttypes.contenttype", "pk": 33}, {"fields": {"model": "servicecategory", "app_label": "home"}, "model": "contenttypes.contenttype", "pk": 34}, {"fields": {"model": "service", "app_label": "home"}, "model": "contenttypes.contenttype", "pk": 35}, {"fields": {"model": "machineservice", "app_label": "home"}, "model": "contenttypes.contenttype", "pk": 36}, {"fields": {"model": "implementservice", "app_label": "home"}, "model": "contenttypes.contenttype", "pk": 37}, {"fields": {"expire_date": "2015-07-13T16:55:08.602", "session_data": "ZTdmOWQ5MDlhODNmYmU5NGE0YmY0ODkyNWMzZGNmOTY5NjJkZTRjYjp7Il9hdXRoX3VzZXJfaGFzaCI6IjA1MzEyMmE5OTY3YjY4YzEzZWYwNWYyN2U4YzdiYmQxYjQ3YWY3OWUiLCJfYXV0aF91c2VyX2JhY2tlbmQiOiJkamFuZ28uY29udHJpYi5hdXRoLmJhY2tlbmRzLk1vZGVsQmFja2VuZCIsIl9hdXRoX3VzZXJfaWQiOiIxIn0="}, "model": "sessions.session", "pk": "iaca1rt9bjmi849i6dtf5c1g11oai06i"}, {"fields": {"name": "Andre"}, "model": "home.manufacturer", "pk": 1}, {"fields": {"name": "Bss3"}, "model": "home.manufacturer", "pk": 2}, {"fields": {"name": "Jorge"}, "model": "home.manufacturer", "pk": 3}, {"fields": {"name": "Jamba"}, "model": "home.manufacturer", "pk": 4}, {"fields": {"name": "Jamba"}, "model": "home.manufacturer", "pk": 5}, {"fields": {"name": "jambo"}, "model": "home.manufacturer", "pk": 6}, {"fields": {"name": "junin"}, "model": "home.manufacturer", "pk": 7}, {"fields": {"name": "junin"}, "model": "home.manufacturer", "pk": 8}, {"fields": {"name": "Steve Nilson"}, "model": "home.manufacturer", "pk": 9}, {"fields": {"model": "Jaca Preta", "manufacturer": 1}, "model": "home.manufacturermodel", "pk": 6}, {"fields": {"model": "Bruim", "manufacturer": 2}, "model": "home.manufacturermodel", "pk": 7}, {"fields": {"model": "Jaca Preta", "manufacturer": 3}, "model": "home.manufacturermodel", "pk": 8}, {"fields": {"address": "22 Baker Street", "name": "Andre", "number": "8318312222"}, "model": "home.repairshop", "pk": 1}, {"fields": {"address": "Corn Street", "name": "Jurni", "number": "9191919191"}, "model": "home.repairshop", "pk": 2}, {"fields": {"address": "Somewhere in NY", "name": "Stark Industries", "number": "931931931"}, "model": "home.repairshop", "pk": 3}, {"fields": {"address": "22 Baker Street", "name": "Andre's shop", "number": "8318312222"}, "model": "home.shop", "pk": 1}, {"fields": {"address": "Cansei", "name": "B3s", "number": "47237361"}, "model": "home.shop", "pk": 2}, {"fields": {"address": "Somewhere over the rainbow", "name": "Monterey Repair", "number": "00000000"}, "model": "home.shop", "pk": 3}, {"fields": {"shop": 1, "hitch_category": 4, "photo": "http://www.google.com", "horsepower": 22, "base_cost": 4.0, "asset_number": "948237", "manufacturer_model": 6, "nickname": "1", "qr_code": "2173", "repair_shop": 1, "hitch_capacity": 10, "speed_range_min": 3.0, "serial_number": "498237", "hour_cost": 12.0, "status": 1, "speed_range_max": 4.0, "year_purchased": 843, "front_tires": "jr", "rear_tires": "fs", "steering": "M", "m_type": "T", "service_interval": 48, "drawbar_category": 5, "operator_station": "C", "engine_hours": 8}, "model": "home.machine", "pk": 1}, {"fields": {"shop": 1, "hitch_category": 2, "photo": "http://www.google.com", "horsepower": 12, "base_cost": 3.0, "asset_number": "942374BJH32B4J2", "manufacturer_model": 8, "nickname": "1", "qr_code": "KFJHDSKJH4", "repair_shop": 1, "hitch_capacity": 12, "speed_range_min": 3.0, "serial_number": "4872368476238745237657635", "hour_cost": 3.0, "status": 1, "speed_range_max": 2.0, "year_purchased": 943, "front_tires": "RWE", "rear_tires": "FDS", "steering": "G", "m_type": "T", "service_interval": 4, "drawbar_category": 2, "operator_station": "O", "engine_hours": 12}, "model": "home.machine", "pk": 2}, {"fields": {"shop": 3, "hitch_category": 3, "photo": "http://www.google.com", "horsepower": 21, "base_cost": 4.0, "asset_number": "498273GUFYDGUYG", "manufacturer_model": 7, "nickname": "1", "qr_code": "KRHDFUSH43", "repair_shop": 1, "hitch_capacity": 41, "speed_range_min": 4.0, "serial_number": "847632876UYFGSDUFBKSDBSKJ", "hour_cost": 4.0, "status": 3, "speed_range_max": 534.0, "year_purchased": 4212, "front_tires": "FISJ", "rear_tires": "FSH", "steering": "M", "m_type": "W", "service_interval": 4, "drawbar_category": 3, "operator_station": "C", "engine_hours": 124}, "model": "home.machine", "pk": 3}, {"fields": {"shop": 3, "status": 1, "hitch_category": 3, "asset_number": "482736Y4G23UYGU", "manufacturer_model": 6, "implement_hours": 1, "base_cost": 4.0, "horse_power_req": 12, "qr_code": "FHSDIUH423", "service_interval": 48, "hitch_capacity_req": 2, "year_purchased": 1992, "drawbar_category": 5, "speed_range_min": 4423.0, "photo": "http://www.google.com", "serial_number": "IRIUHRWIUE482376487623874", "speed_range_max": 432.0, "nickname": "1", "repair_shop": 3, "hour_cost": 4.0}, "model": "home.implement", "pk": 1}, {"fields": {"shop": 3, "status": 1, "hitch_category": 3, "asset_number": "98RIUJ2938J2R98", "manufacturer_model": 7, "implement_hours": 4, "base_cost": 3.0, "horse_power_req": 24, "qr_code": "423FIUHS84", "service_interval": 42, "hitch_capacity_req": 423, "year_purchased": 487, "drawbar_category": 5, "speed_range_min": -4.0, "photo": "http://www.google.com", "serial_number": "78R734M89Y87FNY9B837Y4W", "speed_range_max": -2.0, "nickname": "1", "repair_shop": 1, "hour_cost": 4.0}, "model": "home.implement", "pk": 2}, {"fields": {"shop": 2, "status": 4, "hitch_category": 1, "asset_number": "98n7r98w797", "manufacturer_model": 8, "implement_hours": 48723, "base_cost": 42.0, "horse_power_req": 8768, "qr_code": "kfadh984u9", "service_interval": 42376, "hitch_capacity_req": 8764726, "year_purchased": 9428, "drawbar_category": 7, "speed_range_min": 4.0, "photo": "http://www.google.com", "serial_number": "9794723876", "speed_range_max": -1.0, "nickname": "1", "repair_shop": 1, "hour_cost": 49827.0}, "model": "home.implement", "pk": 3}, {"fields": {"employee": 1, "date": "2015-06-30"}, "model": "home.employeewithdrawn", "pk": 1}, {"fields": {"employee": 2, "date": "2015-06-23"}, "model": "home.employeewithdrawn", "pk": 2}, {"fields": {"employee": 3, "date": "2015-06-14"}, "model": "home.employeewithdrawn", "pk": 3}, {"fields": {"break_three_end": "13:55:07", "break_three": "13:55:06", "break_one": "13:55:04", "break_two": "13:55:05", "break_two_end": "13:55:06", "date": "2015-06-30", "employee": 1, "hour_ended": "13:55:03", "hour_started": "13:55:02", "break_one_end": "13:55:04"}, "model": "home.employeeattendance", "pk": 1}, {"fields": {"break_three_end": null, "break_three": null, "break_one": null, "break_two": null, "break_two_end": null, "date": "2015-06-30", "employee": 2, "hour_ended": "13:55:46", "hour_started": "13:55:45", "break_one_end": null}, "model": "home.employeeattendance", "pk": 2}, {"fields": {"break_three_end": null, "break_three": null, "break_one": null, "break_two": null, "break_two_end": null, "date": "2015-06-30", "employee": 3, "hour_ended": null, "hour_started": "13:56:18", "break_one_end": null}, "model": "home.employeeattendance", "pk": 3}, {"fields": {"description": "Java Programming"}, "model": "home.qualification", "pk": 1}, {"fields": {"description": "Python Programming"}, "model": "home.qualification", "pk": 2}, {"fields": {"description": "C++ Programming"}, "model": "home.qualification", "pk": 3}, {"fields": {"category": 1, "description": "Water Harvesting Certification"}, "model": "home.certification", "pk": 1}, {"fields": {"category": 2, "description": "Harvesting Certification"}, "model": "home.certification", "pk": 2}, {"fields": {"category": 3, "description": "Driving Certification"}, "model": "home.certification", "pk": 3}, {"fields": {"employee": 1, "qualification": 2, "level": 3}, "model": "home.employeequalifications", "pk": 1}, {"fields": {"employee": 1, "qualification": 3, "level": 2}, "model": "home.employeequalifications", "pk": 2}, {"fields": {"employee": 3, "qualification": 1, "level": 3}, "model": "home.employeequalifications", "pk": 3}, {"fields": {"employee": 1, "certification": 1}, "model": "home.employeecertifications", "pk": 1}, {"fields": {"employee": 2, "certification": 1}, "model": "home.employeecertifications", "pk": 2}, {"fields": {"employee": 3, "certification": 3}, "model": "home.employeecertifications", "pk": 3}, {"fields": {"machine": 1, "qualification": 2, "qualification_required": 2}, "model": "home.machinequalification", "pk": 2}, {"fields": {"machine": 2, "qualification": 2, "qualification_required": 2}, "model": "home.machinequalification", "pk": 3}, {"fields": {"machine": 3, "qualification": 3, "qualification_required": 2}, "model": "home.machinequalification", "pk": 4}, {"fields": {"machine": 3, "certification": 3}, "model": "home.machinecertification", "pk": 1}, {"fields": {"machine": 1, "certification": 1}, "model": "home.machinecertification", "pk": 2}, {"fields": {"machine": 2, "certification": 3}, "model": "home.machinecertification", "pk": 3}, {"fields": {"implement": 1, "qualification": 2, "qualification_required": 2}, "model": "home.implementqualification", "pk": 1}, {"fields": {"implement": 3, "qualification": 2, "qualification_required": 1}, "model": "home.implementqualification", "pk": 2}, {"fields": {"implement": 1, "qualification": 3, "qualification_required": 3}, "model": "home.implementqualification", "pk": 3}, {"fields": {"implement": 1, "certification": 1}, "model": "home.implementcertification", "pk": 1}, {"fields": {"implement": 3, "certification": 1}, "model": "home.implementcertification", "pk": 2}, {"fields": {"implement": 2, "certification": 1}, "model": "home.implementcertification", "pk": 3}, {"fields": {"organic": true, "name": "Salinas", "size": 5.0}, "model": "home.field", "pk": 1}, {"fields": {"organic": false, "name": "Greenfield", "size": 3.0}, "model": "home.field", "pk": 2}, {"fields": {"organic": false, "name": "San Francisco", "size": 34.0}, "model": "home.field", "pk": 3}, {"fields": {"latitude": 4234.0, "longitude": 5947534.0}, "model": "home.gps", "pk": 1}, {"fields": {"latitude": 51984.0, "longitude": 87623.0}, "model": "home.gps", "pk": 2}, {"fields": {"latitude": 43287897.0, "longitude": 4293874.0}, "model": "home.gps", "pk": 3}, {"fields": {"field": 1, "gps": 3}, "model": "home.fieldlocalization", "pk": 1}, {"fields": {"field": 1, "gps": 3}, "model": "home.fieldlocalization", "pk": 2}, {"fields": {"field": 2, "gps": 3}, "model": "home.fieldlocalization", "pk": 3}, {"fields": {"employee": 2, "latitude": 432424.0, "e_time": "2015-06-30T18:38:17", "longitude": 4234234.0}, "model": "home.employeelocalization", "pk": 6}, {"fields": {"employee": 3, "latitude": 432423.0, "e_time": "2015-06-30T18:41:52", "longitude": 522342.0}, "model": "home.employeelocalization", "pk": 7}, {"fields": {"employee": 1, "latitude": 42352.0, "e_time": "2015-06-30T18:42:03", "longitude": 42398.0}, "model": "home.employeelocalization", "pk": 8}, {"fields": {"description": "I dont Know"}, "model": "home.taskcategory", "pk": 1}, {"fields": {"description": "Harvesting"}, "model": "home.taskcategory", "pk": 2}, {"fields": {"description": "Watering"}, "model": "home.taskcategory", "pk": 3}, {"fields": {"category": 3, "passes": 5, "rate_cost": 123.0, "description": "Test description", "field": 3, "accomplished": false, "hours_spent": 12.0, "hours_prediction": 31.0, "date": "2015-06-30T13:49:49", "approval": 1}, "model": "home.task", "pk": 1}, {"fields": {"category": 2, "passes": 1, "rate_cost": 52.0, "description": "Test", "field": 3, "accomplished": false, "hours_spent": 125.0, "hours_prediction": 5.0, "date": "2015-06-30T13:51:08", "approval": 3}, "model": "home.task", "pk": 2}, {"fields": {"category": 3, "passes": 1, "rate_cost": 4324.0, "description": "Test", "field": 2, "accomplished": true, "hours_spent": 543.0, "hours_prediction": 2.0, "date": "2015-06-30T18:43:38", "approval": 1}, "model": "home.task", "pk": 3}, {"fields": {"employee": 1, "task": 3, "task_init": "2015-06-30T18:43:44", "hours_spent": 432.0, "substitution": false}, "model": "home.employeetask", "pk": 1}, {"fields": {"employee": 1, "task": 3, "task_init": "2015-06-30T18:44:29", "hours_spent": 4.0, "substitution": true}, "model": "home.employeetask", "pk": 2}, {"fields": {"employee": 2, "task": 1, "task_init": "2015-06-30T18:44:42", "hours_spent": 5.0, "substitution": true}, "model": "home.employeetask", "pk": 3}, {"fields": {"machine": false, "implement": 1, "task": 1}, "model": "home.taskimplementmachine", "pk": 1}, {"fields": {"machine": false, "implement": 2, "task": 2}, "model": "home.taskimplementmachine", "pk": 2}, {"fields": {"machine": false, "implement": 3, "task": 3}, "model": "home.taskimplementmachine", "pk": 3}, {"fields": {"a_type": "Test"}, "model": "home.appendix", "pk": 1}, {"fields": {"a_type": "Pesticide"}, "model": "home.appendix", "pk": 2}, {"fields": {"a_type": "Another Test"}, "model": "home.appendix", "pk": 3}, {"fields": {"brand": "B-Sure", "appendix": 2, "quantity": 1, "task": 2}, "model": "home.appendixtask", "pk": 1}, {"fields": {"brand": "IDK", "appendix": 3, "quantity": 1, "task": 1}, "model": "home.appendixtask", "pk": 2}, {"fields": {"brand": "testing", "appendix": 3, "quantity": 1, "task": 1}, "model": "home.appendixtask", "pk": 3}, {"fields": {"service_category": "Test1"}, "model": "home.servicecategory", "pk": 1}, {"fields": {"service_category": "Fuel"}, "model": "home.servicecategory", "pk": 2}, {"fields": {"service_category": "Fertilize"}, "model": "home.servicecategory", "pk": 3}, {"fields": {"category": 3, "date": "2015-06-30T18:56:35", "done": false}, "model": "home.service", "pk": 1}, {"fields": {"category": 2, "date": "2015-06-30T19:01:01", "done": false}, "model": "home.service", "pk": 2}, {"fields": {"category": 1, "date": "2015-06-30T19:01:12", "done": true}, "model": "home.service", "pk": 3}, {"fields": {"description": "TEST", "expected_date": "2015-06-30T21:41:31", "price": 432.0, "machine": 1, "service": 2, "done": true}, "model": "home.machineservice", "pk": 1}, {"fields": {"description": "OODDD", "expected_date": "2015-06-30T22:22:40", "price": 321.0, "machine": 2, "service": 2, "done": true}, "model": "home.machineservice", "pk": 2}, {"fields": {"description": "FDSF", "expected_date": "2015-06-30T22:22:54", "price": 2.0, "machine": 3, "service": 2, "done": true}, "model": "home.machineservice", "pk": 3}, {"fields": {"description": "Test", "expected_date": "2015-06-30T18:56:40", "price": 412.0, "service": 1, "done": true, "implement": 1}, "model": "home.implementservice", "pk": 1}, {"fields": {"description": "Test1", "expected_date": "2015-06-30T19:01:24", "price": 423.0, "service": 3, "done": true, "implement": 1}, "model": "home.implementservice", "pk": 2}, {"fields": {"description": "Test3", "expected_date": "2015-06-30T19:01:42", "price": 8.0, "service": 2, "done": true, "implement": 3}, "model": "home.implementservice", "pk": 3}, {"fields": {"codename": "add_logentry", "name": "Can add log entry", "content_type": 1}, "model": "auth.permission", "pk": 1}, {"fields": {"codename": "change_logentry", "name": "Can change log entry", "content_type": 1}, "model": "auth.permission", "pk": 2}, {"fields": {"codename": "delete_logentry", "name": "Can delete log entry", "content_type": 1}, "model": "auth.permission", "pk": 3}, {"fields": {"codename": "add_permission", "name": "Can add permission", "content_type": 2}, "model": "auth.permission", "pk": 4}, {"fields": {"codename": "change_permission", "name": "Can change permission", "content_type": 2}, "model": "auth.permission", "pk": 5}, {"fields": {"codename": "delete_permission", "name": "Can delete permission", "content_type": 2}, "model": "auth.permission", "pk": 6}, {"fields": {"codename": "add_group", "name": "Can add group", "content_type": 3}, "model": "auth.permission", "pk": 7}, {"fields": {"codename": "change_group", "name": "Can change group", "content_type": 3}, "model": "auth.permission", "pk": 8}, {"fields": {"codename": "delete_group", "name": "Can delete group", "content_type": 3}, "model": "auth.permission", "pk": 9}, {"fields": {"codename": "add_user", "name": "Can add user", "content_type": 4}, "model": "auth.permission", "pk": 10}, {"fields": {"codename": "change_user", "name": "Can change user", "content_type": 4}, "model": "auth.permission", "pk": 11}, {"fields": {"codename": "delete_user", "name": "Can delete user", "content_type": 4}, "model": "auth.permission", "pk": 12}, {"fields": {"codename": "add_contenttype", "name": "Can add content type", "content_type": 5}, "model": "auth.permission", "pk": 13}, {"fields": {"codename": "change_contenttype", "name": "Can change content type", "content_type": 5}, "model": "auth.permission", "pk": 14}, {"fields": {"codename": "delete_contenttype", "name": "Can delete content type", "content_type": 5}, "model": "auth.permission", "pk": 15}, {"fields": {"codename": "add_session", "name": "Can add session", "content_type": 6}, "model": "auth.permission", "pk": 16}, {"fields": {"codename": "change_session", "name": "Can change session", "content_type": 6}, "model": "auth.permission", "pk": 17}, {"fields": {"codename": "delete_session", "name": "Can delete session", "content_type": 6}, "model": "auth.permission", "pk": 18}, {"fields": {"codename": "add_manufacturer", "name": "Can add manufacturer", "content_type": 7}, "model": "auth.permission", "pk": 19}, {"fields": {"codename": "change_manufacturer", "name": "Can change manufacturer", "content_type": 7}, "model": "auth.permission", "pk": 20}, {"fields": {"codename": "delete_manufacturer", "name": "Can delete manufacturer", "content_type": 7}, "model": "auth.permission", "pk": 21}, {"fields": {"codename": "add_manufacturermodel", "name": "Can add manufacturer model", "content_type": 8}, "model": "auth.permission", "pk": 22}, {"fields": {"codename": "change_manufacturermodel", "name": "Can change manufacturer model", "content_type": 8}, "model": "auth.permission", "pk": 23}, {"fields": {"codename": "delete_manufacturermodel", "name": "Can delete manufacturer model", "content_type": 8}, "model": "auth.permission", "pk": 24}, {"fields": {"codename": "add_repairshop", "name": "Can add repair shop", "content_type": 9}, "model": "auth.permission", "pk": 25}, {"fields": {"codename": "change_repairshop", "name": "Can change repair shop", "content_type": 9}, "model": "auth.permission", "pk": 26}, {"fields": {"codename": "delete_repairshop", "name": "Can delete repair shop", "content_type": 9}, "model": "auth.permission", "pk": 27}, {"fields": {"codename": "add_shop", "name": "Can add shop", "content_type": 10}, "model": "auth.permission", "pk": 28}, {"fields": {"codename": "change_shop", "name": "Can change shop", "content_type": 10}, "model": "auth.permission", "pk": 29}, {"fields": {"codename": "delete_shop", "name": "Can delete shop", "content_type": 10}, "model": "auth.permission", "pk": 30}, {"fields": {"codename": "add_machine", "name": "Can add machine", "content_type": 11}, "model": "auth.permission", "pk": 31}, {"fields": {"codename": "change_machine", "name": "Can change machine", "content_type": 11}, "model": "auth.permission", "pk": 32}, {"fields": {"codename": "delete_machine", "name": "Can delete machine", "content_type": 11}, "model": "auth.permission", "pk": 33}, {"fields": {"codename": "add_implement", "name": "Can add implement", "content_type": 12}, "model": "auth.permission", "pk": 34}, {"fields": {"codename": "change_implement", "name": "Can change implement", "content_type": 12}, "model": "auth.permission", "pk": 35}, {"fields": {"codename": "delete_implement", "name": "Can delete implement", "content_type": 12}, "model": "auth.permission", "pk": 36}, {"fields": {"codename": "add_employee", "name": "Can add employee", "content_type": 13}, "model": "auth.permission", "pk": 37}, {"fields": {"codename": "change_employee", "name": "Can change employee", "content_type": 13}, "model": "auth.permission", "pk": 38}, {"fields": {"codename": "delete_employee", "name": "Can delete employee", "content_type": 13}, "model": "auth.permission", "pk": 39}, {"fields": {"codename": "add_employeewithdrawn", "name": "Can add employee withdrawn", "content_type": 14}, "model": "auth.permission", "pk": 40}, {"fields": {"codename": "change_employeewithdrawn", "name": "Can change employee withdrawn", "content_type": 14}, "model": "auth.permission", "pk": 41}, {"fields": {"codename": "delete_employeewithdrawn", "name": "Can delete employee withdrawn", "content_type": 14}, "model": "auth.permission", "pk": 42}, {"fields": {"codename": "add_employeeattendance", "name": "Can add employee attendance", "content_type": 15}, "model": "auth.permission", "pk": 43}, {"fields": {"codename": "change_employeeattendance", "name": "Can change employee attendance", "content_type": 15}, "model": "auth.permission", "pk": 44}, {"fields": {"codename": "delete_employeeattendance", "name": "Can delete employee attendance", "content_type": 15}, "model": "auth.permission", "pk": 45}, {"fields": {"codename": "add_qualification", "name": "Can add qualification", "content_type": 16}, "model": "auth.permission", "pk": 46}, {"fields": {"codename": "change_qualification", "name": "Can change qualification", "content_type": 16}, "model": "auth.permission", "pk": 47}, {"fields": {"codename": "delete_qualification", "name": "Can delete qualification", "content_type": 16}, "model": "auth.permission", "pk": 48}, {"fields": {"codename": "add_certification", "name": "Can add certification", "content_type": 17}, "model": "auth.permission", "pk": 49}, {"fields": {"codename": "change_certification", "name": "Can change certification", "content_type": 17}, "model": "auth.permission", "pk": 50}, {"fields": {"codename": "delete_certification", "name": "Can delete certification", "content_type": 17}, "model": "auth.permission", "pk": 51}, {"fields": {"codename": "add_employeequalifications", "name": "Can add employee qualifications", "content_type": 18}, "model": "auth.permission", "pk": 52}, {"fields": {"codename": "change_employeequalifications", "name": "Can change employee qualifications", "content_type": 18}, "model": "auth.permission", "pk": 53}, {"fields": {"codename": "delete_employeequalifications", "name": "Can delete employee qualifications", "content_type": 18}, "model": "auth.permission", "pk": 54}, {"fields": {"codename": "add_employeecertifications", "name": "Can add employee certifications", "content_type": 19}, "model": "auth.permission", "pk": 55}, {"fields": {"codename": "change_employeecertifications", "name": "Can change employee certifications", "content_type": 19}, "model": "auth.permission", "pk": 56}, {"fields": {"codename": "delete_employeecertifications", "name": "Can delete employee certifications", "content_type": 19}, "model": "auth.permission", "pk": 57}, {"fields": {"codename": "add_machinequalification", "name": "Can add machine qualification", "content_type": 20}, "model": "auth.permission", "pk": 58}, {"fields": {"codename": "change_machinequalification", "name": "Can change machine qualification", "content_type": 20}, "model": "auth.permission", "pk": 59}, {"fields": {"codename": "delete_machinequalification", "name": "Can delete machine qualification", "content_type": 20}, "model": "auth.permission", "pk": 60}, {"fields": {"codename": "add_machinecertification", "name": "Can add machine certification", "content_type": 21}, "model": "auth.permission", "pk": 61}, {"fields": {"codename": "change_machinecertification", "name": "Can change machine certification", "content_type": 21}, "model": "auth.permission", "pk": 62}, {"fields": {"codename": "delete_machinecertification", "name": "Can delete machine certification", "content_type": 21}, "model": "auth.permission", "pk": 63}, {"fields": {"codename": "add_implementqualification", "name": "Can add implement qualification", "content_type": 22}, "model": "auth.permission", "pk": 64}, {"fields": {"codename": "change_implementqualification", "name": "Can change implement qualification", "content_type": 22}, "model": "auth.permission", "pk": 65}, {"fields": {"codename": "delete_implementqualification", "name": "Can delete implement qualification", "content_type": 22}, "model": "auth.permission", "pk": 66}, {"fields": {"codename": "add_implementcertification", "name": "Can add implement certification", "content_type": 23}, "model": "auth.permission", "pk": 67}, {"fields": {"codename": "change_implementcertification", "name": "Can change implement certification", "content_type": 23}, "model": "auth.permission", "pk": 68}, {"fields": {"codename": "delete_implementcertification", "name": "Can delete implement certification", "content_type": 23}, "model": "auth.permission", "pk": 69}, {"fields": {"codename": "add_field", "name": "Can add field", "content_type": 24}, "model": "auth.permission", "pk": 70}, {"fields": {"codename": "change_field", "name": "Can change field", "content_type": 24}, "model": "auth.permission", "pk": 71}, {"fields": {"codename": "delete_field", "name": "Can delete field", "content_type": 24}, "model": "auth.permission", "pk": 72}, {"fields": {"codename": "add_gps", "name": "Can add gps", "content_type": 25}, "model": "auth.permission", "pk": 73}, {"fields": {"codename": "change_gps", "name": "Can change gps", "content_type": 25}, "model": "auth.permission", "pk": 74}, {"fields": {"codename": "delete_gps", "name": "Can delete gps", "content_type": 25}, "model": "auth.permission", "pk": 75}, {"fields": {"codename": "add_fieldlocalization", "name": "Can add field localization", "content_type": 26}, "model": "auth.permission", "pk": 76}, {"fields": {"codename": "change_fieldlocalization", "name": "Can change field localization", "content_type": 26}, "model": "auth.permission", "pk": 77}, {"fields": {"codename": "delete_fieldlocalization", "name": "Can delete field localization", "content_type": 26}, "model": "auth.permission", "pk": 78}, {"fields": {"codename": "add_employeelocalization", "name": "Can add employee localization", "content_type": 27}, "model": "auth.permission", "pk": 79}, {"fields": {"codename": "change_employeelocalization", "name": "Can change employee localization", "content_type": 27}, "model": "auth.permission", "pk": 80}, {"fields": {"codename": "delete_employeelocalization", "name": "Can delete employee localization", "content_type": 27}, "model": "auth.permission", "pk": 81}, {"fields": {"codename": "add_taskcategory", "name": "Can add task category", "content_type": 28}, "model": "auth.permission", "pk": 82}, {"fields": {"codename": "change_taskcategory", "name": "Can change task category", "content_type": 28}, "model": "auth.permission", "pk": 83}, {"fields": {"codename": "delete_taskcategory", "name": "Can delete task category", "content_type": 28}, "model": "auth.permission", "pk": 84}, {"fields": {"codename": "add_task", "name": "Can add task", "content_type": 29}, "model": "auth.permission", "pk": 85}, {"fields": {"codename": "change_task", "name": "Can change task", "content_type": 29}, "model": "auth.permission", "pk": 86}, {"fields": {"codename": "delete_task", "name": "Can delete task", "content_type": 29}, "model": "auth.permission", "pk": 87}, {"fields": {"codename": "add_employeetask", "name": "Can add employee task", "content_type": 30}, "model": "auth.permission", "pk": 88}, {"fields": {"codename": "change_employeetask", "name": "Can change employee task", "content_type": 30}, "model": "auth.permission", "pk": 89}, {"fields": {"codename": "delete_employeetask", "name": "Can delete employee task", "content_type": 30}, "model": "auth.permission", "pk": 90}, {"fields": {"codename": "add_taskimplementmachine", "name": "Can add task implement machine", "content_type": 31}, "model": "auth.permission", "pk": 91}, {"fields": {"codename": "change_taskimplementmachine", "name": "Can change task implement machine", "content_type": 31}, "model": "auth.permission", "pk": 92}, {"fields": {"codename": "delete_taskimplementmachine", "name": "Can delete task implement machine", "content_type": 31}, "model": "auth.permission", "pk": 93}, {"fields": {"codename": "add_appendix", "name": "Can add appendix", "content_type": 32}, "model": "auth.permission", "pk": 94}, {"fields": {"codename": "change_appendix", "name": "Can change appendix", "content_type": 32}, "model": "auth.permission", "pk": 95}, {"fields": {"codename": "delete_appendix", "name": "Can delete appendix", "content_type": 32}, "model": "auth.permission", "pk": 96}, {"fields": {"codename": "add_appendixtask", "name": "Can add appendix task", "content_type": 33}, "model": "auth.permission", "pk": 97}, {"fields": {"codename": "change_appendixtask", "name": "Can change appendix task", "content_type": 33}, "model": "auth.permission", "pk": 98}, {"fields": {"codename": "delete_appendixtask", "name": "Can delete appendix task", "content_type": 33}, "model": "auth.permission", "pk": 99}, {"fields": {"codename": "add_servicecategory", "name": "Can add service category", "content_type": 34}, "model": "auth.permission", "pk": 100}, {"fields": {"codename": "change_servicecategory", "name": "Can change service category", "content_type": 34}, "model": "auth.permission", "pk": 101}, {"fields": {"codename": "delete_servicecategory", "name": "Can delete service category", "content_type": 34}, "model": "auth.permission", "pk": 102}, {"fields": {"codename": "add_service", "name": "Can add service", "content_type": 35}, "model": "auth.permission", "pk": 103}, {"fields": {"codename": "change_service", "name": "Can change service", "content_type": 35}, "model": "auth.permission", "pk": 104}, {"fields": {"codename": "delete_service", "name": "Can delete service", "content_type": 35}, "model": "auth.permission", "pk": 105}, {"fields": {"codename": "add_machineservice", "name": "Can add machine service", "content_type": 36}, "model": "auth.permission", "pk": 106}, {"fields": {"codename": "change_machineservice", "name": "Can change machine service", "content_type": 36}, "model": "auth.permission", "pk": 107}, {"fields": {"codename": "delete_machineservice", "name": "Can delete machine service", "content_type": 36}, "model": "auth.permission", "pk": 108}, {"fields": {"codename": "add_implementservice", "name": "Can add implement service", "content_type": 37}, "model": "auth.permission", "pk": 109}, {"fields": {"codename": "change_implementservice", "name": "Can change implement service", "content_type": 37}, "model": "auth.permission", "pk": 110}, {"fields": {"codename": "delete_implementservice", "name": "Can delete implement service", "content_type": 37}, "model": "auth.permission", "pk": 111}, {"fields": {"username": "heavy", "first_name": "Heavy", "last_name": "Connect", "is_active": true, "is_superuser": true, "is_staff": true, "last_login": "2015-06-29T16:55:08", "groups": [], "user_permissions": [], "password": "pbkdf2_sha256$20000$FDe02jnraWAC$P+ewmiHzE1MqkKihx8c5/HSdtKBt0IwgftGRCITl634=", "email": "test@heavyconnect.com", "date_joined": "2015-06-29T16:54:52"}, "model": "auth.user", "pk": 1}, {"fields": {"username": "andre", "first_name": "Andre", "last_name": "Menezes", "is_active": true, "is_superuser": false, "is_staff": false, "last_login": "2015-06-30T13:47:49", "groups": [], "user_permissions": [], "password": "pbkdf2_sha256$20000$L6jNGehb4bEl$1Zv6wjEccdBtJa5LRniG7I2nnY/DzCZMgknEihgAFYs=", "email": "test@andre.com", "date_joined": "2015-06-30T13:47:36"}, "model": "auth.user", "pk": 2}, {"fields": {"username": "bss3", "first_name": "Bruim", "last_name": "DNS", "is_active": true, "is_superuser": false, "is_staff": false, "last_login": "2015-06-30T13:53:52", "groups": [], "user_permissions": [], "password": "pbkdf2_sha256$20000$l89sdly4qfM2$2aNIqIivVKWPE5d73D/Ej4ZXhxwx5Si40BrAO65zuLA=", "email": "bruninho@solucoeseminformatica.com", "date_joined": "2015-06-30T13:53:28"}, "model": "auth.user", "pk": 3}, {"fields": {"contact_number": "8318311111", "language": 1, "photo": "http://WWW.GOOGLE.COM", "qr_code": "OIJF234", "company_id": "38127678", "user": 2, "permission_level": 2, "start_date": "2015-06-30", "hour_cost": 5.0}, "model": "home.employee", "pk": 1}, {"fields": {"contact_number": "931931931", "language": 1, "photo": "http://www.google.com", "qr_code": "OIJFM2452", "company_id": "8874", "user": 1, "permission_level": 1, "start_date": "2015-06-30", "hour_cost": 7.0}, "model": "home.employee", "pk": 2}, {"fields": {"contact_number": "731631213", "language": 1, "photo": "http://www.google.com", "qr_code": "31984", "company_id": "IJFK42", "user": 3, "permission_level": 1, "start_date": "2015-06-30", "hour_cost": 1.0}, "model": "home.employee", "pk": 3}, {"fields": {"action_flag": 1, "action_time": "2015-06-29T16:55:26.532", "object_repr": "Manafacture: Andr\u00e9", "object_id": "1", "change_message": "", "user": 1, "content_type": 7}, "model": "admin.logentry", "pk": 1}, {"fields": {"action_flag": 2, "action_time": "2015-06-30T11:56:56.911", "object_repr": "Manafacture: Andre", "object_id": "1", "change_message": "Changed name.", "user": 1, "content_type": 7}, "model": "admin.logentry", "pk": 2}, {"fields": {"action_flag": 1, "action_time": "2015-06-30T11:56:58.973", "object_repr": "Model: Jaca Preta, Manufacturer: Manafacture: Andre", "object_id": "6", "change_message": "", "user": 1, "content_type": 8}, "model": "admin.logentry", "pk": 3}, {"fields": {"action_flag": 1, "action_time": "2015-06-30T11:58:22.408", "object_repr": "Contact: Andre, Phone Number: 8318312222, Address: 22 Baker Street", "object_id": "1", "change_message": "", "user": 1, "content_type": 9}, "model": "admin.logentry", "pk": 4}, {"fields": {"action_flag": 1, "action_time": "2015-06-30T11:58:43.080", "object_repr": "Contact: Andre's shop\nPhone Number: 8318312222\nAddress: 22 Baker Street", "object_id": "1", "change_message": "", "user": 1, "content_type": 10}, "model": "admin.logentry", "pk": 5}, {"fields": {"action_flag": 1, "action_time": "2015-06-30T11:59:18.647", "object_repr": "QRcode: 2173, Year of Purchased: 843", "object_id": "1", "change_message": "", "user": 1, "content_type": 11}, "model": "admin.logentry", "pk": 6}, {"fields": {"action_flag": 1, "action_time": "2015-06-30T13:47:36.751", "object_repr": "andre", "object_id": "2", "change_message": "", "user": 1, "content_type": 4}, "model": "admin.logentry", "pk": 7}, {"fields": {"action_flag": 2, "action_time": "2015-06-30T13:47:50.981", "object_repr": "andre", "object_id": "2", "change_message": "Changed first_name, last_name, email and last_login.", "user": 1, "content_type": 4}, "model": "admin.logentry", "pk": 8}, {"fields": {"action_flag": 2, "action_time": "2015-06-30T13:47:59.511", "object_repr": "heavy", "object_id": "1", "change_message": "Changed first_name and last_name.", "user": 1, "content_type": 4}, "model": "admin.logentry", "pk": 9}, {"fields": {"action_flag": 1, "action_time": "2015-06-30T13:48:17.738", "object_repr": "Appendix: 1, Category: Test", "object_id": "1", "change_message": "", "user": 1, "content_type": 32}, "model": "admin.logentry", "pk": 10}, {"fields": {"action_flag": 1, "action_time": "2015-06-30T13:48:35.020", "object_repr": "Name: Salinas, Organic: True, Size: 5.0", "object_id": "1", "change_message": "", "user": 1, "content_type": 24}, "model": "admin.logentry", "pk": 11}, {"fields": {"action_flag": 1, "action_time": "2015-06-30T13:48:43.129", "object_repr": "ID: 1, Category: I dont Know", "object_id": "1", "change_message": "", "user": 1, "content_type": 28}, "model": "admin.logentry", "pk": 12}, {"fields": {"action_flag": 1, "action_time": "2015-06-30T13:48:58.547", "object_repr": "Name: Greenfield, Organic: False, Size: 3.0", "object_id": "2", "change_message": "", "user": 1, "content_type": 24}, "model": "admin.logentry", "pk": 13}, {"fields": {"action_flag": 1, "action_time": "2015-06-30T13:49:16.057", "object_repr": "Name: San Francisco, Organic: False, Size: 34.0", "object_id": "3", "change_message": "", "user": 1, "content_type": 24}, "model": "admin.logentry", "pk": 14}, {"fields": {"action_flag": 1, "action_time": "2015-06-30T13:49:27.127", "object_repr": "ID: 2, Category: Harvesting", "object_id": "2", "change_message": "", "user": 1, "content_type": 28}, "model": "admin.logentry", "pk": 15}, {"fields": {"action_flag": 1, "action_time": "2015-06-30T13:49:34.433", "object_repr": "ID: 3, Category: Watering", "object_id": "3", "change_message": "", "user": 1, "content_type": 28}, "model": "admin.logentry", "pk": 16}, {"fields": {"action_flag": 1, "action_time": "2015-06-30T13:49:52.013", "object_repr": "Field Name: San FranciscoCategory: Watering, Hour Cost: 123.0, Description: Test description", "object_id": "1", "change_message": "", "user": 1, "content_type": 29}, "model": "admin.logentry", "pk": 17}, {"fields": {"action_flag": 1, "action_time": "2015-06-30T13:50:14.636", "object_repr": "Appendix: 2, Category: Pesticide", "object_id": "2", "change_message": "", "user": 1, "content_type": 32}, "model": "admin.logentry", "pk": 18}, {"fields": {"action_flag": 1, "action_time": "2015-06-30T13:50:23.285", "object_repr": "Appendix: 3, Category: Another Test", "object_id": "3", "change_message": "", "user": 1, "content_type": 32}, "model": "admin.logentry", "pk": 19}, {"fields": {"action_flag": 1, "action_time": "2015-06-30T13:50:41.020", "object_repr": "Category: Another Test, Brand: B-Sure", "object_id": "1", "change_message": "", "user": 1, "content_type": 33}, "model": "admin.logentry", "pk": 20}, {"fields": {"action_flag": 1, "action_time": "2015-06-30T13:51:11.358", "object_repr": "Field Name: San FranciscoCategory: Harvesting, Hour Cost: 52.0, Description: Test", "object_id": "2", "change_message": "", "user": 1, "content_type": 29}, "model": "admin.logentry", "pk": 21}, {"fields": {"action_flag": 2, "action_time": "2015-06-30T13:51:13.809", "object_repr": "Category: Pesticide, Brand: B-Sure", "object_id": "1", "change_message": "Changed appendix_id and task_id.", "user": 1, "content_type": 33}, "model": "admin.logentry", "pk": 22}, {"fields": {"action_flag": 2, "action_time": "2015-06-30T13:51:22.488", "object_repr": "Category: Pesticide, Brand: B-Sure", "object_id": "1", "change_message": "No fields changed.", "user": 1, "content_type": 33}, "model": "admin.logentry", "pk": 23}, {"fields": {"action_flag": 1, "action_time": "2015-06-30T13:51:43.923", "object_repr": "Category: Another Test, Brand: IDK", "object_id": "2", "change_message": "", "user": 1, "content_type": 33}, "model": "admin.logentry", "pk": 24}, {"fields": {"action_flag": 1, "action_time": "2015-06-30T13:51:53.863", "object_repr": "Category: Another Test, Brand: testing", "object_id": "3", "change_message": "", "user": 1, "content_type": 33}, "model": "admin.logentry", "pk": 25}, {"fields": {"action_flag": 1, "action_time": "2015-06-30T13:52:48.072", "object_repr": "Description: Water Harvesting Certification", "object_id": "1", "change_message": "", "user": 1, "content_type": 17}, "model": "admin.logentry", "pk": 26}, {"fields": {"action_flag": 1, "action_time": "2015-06-30T13:52:55.446", "object_repr": "Description: Harvesting Certification", "object_id": "2", "change_message": "", "user": 1, "content_type": 17}, "model": "admin.logentry", "pk": 27}, {"fields": {"action_flag": 1, "action_time": "2015-06-30T13:53:03.406", "object_repr": "Description: Driving Certification", "object_id": "3", "change_message": "", "user": 1, "content_type": 17}, "model": "admin.logentry", "pk": 28}, {"fields": {"action_flag": 1, "action_time": "2015-06-30T13:53:29.069", "object_repr": "bss3", "object_id": "3", "change_message": "", "user": 1, "content_type": 4}, "model": "admin.logentry", "pk": 29}, {"fields": {"action_flag": 2, "action_time": "2015-06-30T13:53:54.175", "object_repr": "bss3", "object_id": "3", "change_message": "Changed first_name, last_name, email and last_login.", "user": 1, "content_type": 4}, "model": "admin.logentry", "pk": 30}, {"fields": {"action_flag": 1, "action_time": "2015-06-30T13:54:59.196", "object_repr": "User ID: 2, First Name: Andre, Last Name: Menezes", "object_id": "1", "change_message": "", "user": 1, "content_type": 13}, "model": "admin.logentry", "pk": 31}, {"fields": {"action_flag": 1, "action_time": "2015-06-30T13:55:08.784", "object_repr": "Employee: User ID: 2, First Name: Andre, Last Name: Menezes, Date: 2015-06-30", "object_id": "1", "change_message": "", "user": 1, "content_type": 15}, "model": "admin.logentry", "pk": 32}, {"fields": {"action_flag": 1, "action_time": "2015-06-30T13:55:39.965", "object_repr": "User ID: 1, First Name: Heavy, Last Name: Connect", "object_id": "2", "change_message": "", "user": 1, "content_type": 13}, "model": "admin.logentry", "pk": 33}, {"fields": {"action_flag": 1, "action_time": "2015-06-30T13:55:47.933", "object_repr": "Employee: User ID: 1, First Name: Heavy, Last Name: Connect, Date: 2015-06-30", "object_id": "2", "change_message": "", "user": 1, "content_type": 15}, "model": "admin.logentry", "pk": 34}, {"fields": {"action_flag": 1, "action_time": "2015-06-30T13:56:16.682", "object_repr": "User ID: 3, First Name: Bruim, Last Name: DNS", "object_id": "3", "change_message": "", "user": 1, "content_type": 13}, "model": "admin.logentry", "pk": 35}, {"fields": {"action_flag": 1, "action_time": "2015-06-30T13:56:20.141", "object_repr": "Employee: User ID: 3, First Name: Bruim, Last Name: DNS, Date: 2015-06-30", "object_id": "3", "change_message": "", "user": 1, "content_type": 15}, "model": "admin.logentry", "pk": 36}, {"fields": {"action_flag": 1, "action_time": "2015-06-30T13:56:30.084", "object_repr": "Employee ID: 1, Last Name: Menezes, Certification ID: 1", "object_id": "1", "change_message": "", "user": 1, "content_type": 19}, "model": "admin.logentry", "pk": 37}, {"fields": {"action_flag": 1, "action_time": "2015-06-30T13:56:36.641", "object_repr": "Employee ID: 2, Last Name: Connect, Certification ID: 1", "object_id": "2", "change_message": "", "user": 1, "content_type": 19}, "model": "admin.logentry", "pk": 38}, {"fields": {"action_flag": 1, "action_time": "2015-06-30T13:56:43.864", "object_repr": "Employee ID: 3, Last Name: DNS, Certification ID: 3", "object_id": "3", "change_message": "", "user": 1, "content_type": 19}, "model": "admin.logentry", "pk": 39}, {"fields": {"action_flag": 2, "action_time": "2015-06-30T18:27:10.203", "object_repr": "bss3", "object_id": "3", "change_message": "No fields changed.", "user": 1, "content_type": 4}, "model": "admin.logentry", "pk": 40}, {"fields": {"action_flag": 1, "action_time": "2015-06-30T18:40:11.320", "object_repr": "Employee: Connect, Latitude: 432424.0, Longitude: 4234234.0, Date: 2015-06-30 18:38:17", "object_id": "6", "change_message": "", "user": 1, "content_type": 27}, "model": "admin.logentry", "pk": 41}, {"fields": {"action_flag": 1, "action_time": "2015-06-30T18:41:53.930", "object_repr": "Employee: DNS, Latitude: 432423.0, Longitude: 522342.0, Date: 2015-06-30 18:41:52", "object_id": "7", "change_message": "", "user": 1, "content_type": 27}, "model": "admin.logentry", "pk": 42}, {"fields": {"action_flag": 1, "action_time": "2015-06-30T18:42:04.449", "object_repr": "Employee: Menezes, Latitude: 42352.0, Longitude: 42398.0, Date: 2015-06-30 18:42:03", "object_id": "8", "change_message": "", "user": 1, "content_type": 27}, "model": "admin.logentry", "pk": 43}, {"fields": {"action_flag": 1, "action_time": "2015-06-30T18:42:23.749", "object_repr": "Description: Java Programming", "object_id": "1", "change_message": "", "user": 1, "content_type": 16}, "model": "admin.logentry", "pk": 44}, {"fields": {"action_flag": 1, "action_time": "2015-06-30T18:42:37.002", "object_repr": "Description: Python Programming", "object_id": "2", "change_message": "", "user": 1, "content_type": 16}, "model": "admin.logentry", "pk": 45}, {"fields": {"action_flag": 1, "action_time": "2015-06-30T18:42:46.128", "object_repr": "Description: C++ Programming", "object_id": "3", "change_message": "", "user": 1, "content_type": 16}, "model": "admin.logentry", "pk": 46}, {"fields": {"action_flag": 1, "action_time": "2015-06-30T18:42:49.664", "object_repr": "User ID: 2, First Name: Andre, Last Name: Menezes, Qualification: 2, Level: 3", "object_id": "1", "change_message": "", "user": 1, "content_type": 18}, "model": "admin.logentry", "pk": 47}, {"fields": {"action_flag": 1, "action_time": "2015-06-30T18:42:57.815", "object_repr": "User ID: 2, First Name: Andre, Last Name: Menezes, Qualification: 3, Level: 2", "object_id": "2", "change_message": "", "user": 1, "content_type": 18}, "model": "admin.logentry", "pk": 48}, {"fields": {"action_flag": 1, "action_time": "2015-06-30T18:43:08.935", "object_repr": "User ID: 3, First Name: Bruim, Last Name: DNS, Qualification: 1, Level: 3", "object_id": "3", "change_message": "", "user": 1, "content_type": 18}, "model": "admin.logentry", "pk": 49}, {"fields": {"action_flag": 1, "action_time": "2015-06-30T18:43:42.178", "object_repr": "Field Name: GreenfieldCategory: Watering, Hour Cost: 4324.0, Description: Test", "object_id": "3", "change_message": "", "user": 1, "content_type": 29}, "model": "admin.logentry", "pk": 50}, {"fields": {"action_flag": 1, "action_time": "2015-06-30T18:43:47.876", "object_repr": "Employee ID: 1, Task Begin: 2015-06-30 18:43:44 Hours Spent: 432.0", "object_id": "1", "change_message": "", "user": 1, "content_type": 30}, "model": "admin.logentry", "pk": 51}, {"fields": {"action_flag": 1, "action_time": "2015-06-30T18:44:32.724", "object_repr": "Employee ID: 1, Task Begin: 2015-06-30 18:44:29 Hours Spent: 4.0", "object_id": "2", "change_message": "", "user": 1, "content_type": 30}, "model": "admin.logentry", "pk": 52}, {"fields": {"action_flag": 1, "action_time": "2015-06-30T18:44:45.317", "object_repr": "Employee ID: 2, Task Begin: 2015-06-30 18:44:42 Hours Spent: 5.0", "object_id": "3", "change_message": "", "user": 1, "content_type": 30}, "model": "admin.logentry", "pk": 53}, {"fields": {"action_flag": 1, "action_time": "2015-06-30T18:44:55.488", "object_repr": "Date: 2015-06-30, Name: Menezes", "object_id": "1", "change_message": "", "user": 1, "content_type": 14}, "model": "admin.logentry", "pk": 54}, {"fields": {"action_flag": 1, "action_time": "2015-06-30T18:45:04.267", "object_repr": "Date: 2015-06-23, Name: Connect", "object_id": "2", "change_message": "", "user": 1, "content_type": 14}, "model": "admin.logentry", "pk": 55}, {"fields": {"action_flag": 1, "action_time": "2015-06-30T18:45:12.067", "object_repr": "Date: 2015-06-14, Name: DNS", "object_id": "3", "change_message": "", "user": 1, "content_type": 14}, "model": "admin.logentry", "pk": 56}, {"fields": {"action_flag": 1, "action_time": "2015-06-30T18:46:24.077", "object_repr": "Lati: 4234.0 Long: 5947534.0", "object_id": "1", "change_message": "", "user": 1, "content_type": 25}, "model": "admin.logentry", "pk": 57}, {"fields": {"action_flag": 1, "action_time": "2015-06-30T18:46:31.681", "object_repr": "Lati: 51984.0 Long: 87623.0", "object_id": "2", "change_message": "", "user": 1, "content_type": 25}, "model": "admin.logentry", "pk": 58}, {"fields": {"action_flag": 1, "action_time": "2015-06-30T18:46:42.569", "object_repr": "Lati: 43287897.0 Long: 4293874.0", "object_id": "3", "change_message": "", "user": 1, "content_type": 25}, "model": "admin.logentry", "pk": 59}, {"fields": {"action_flag": 1, "action_time": "2015-06-30T18:47:30.990", "object_repr": "Field: Salinas, GPS ID: Latitude: 43287897.0 Longitude: 4293874.0", "object_id": "1", "change_message": "", "user": 1, "content_type": 26}, "model": "admin.logentry", "pk": 60}, {"fields": {"action_flag": 1, "action_time": "2015-06-30T18:47:37.853", "object_repr": "Field: Salinas, GPS ID: Latitude: 43287897.0 Longitude: 4293874.0", "object_id": "2", "change_message": "", "user": 1, "content_type": 26}, "model": "admin.logentry", "pk": 61}, {"fields": {"action_flag": 1, "action_time": "2015-06-30T18:47:43.956", "object_repr": "Field: Greenfield, GPS ID: Latitude: 43287897.0 Longitude: 4293874.0", "object_id": "3", "change_message": "", "user": 1, "content_type": 26}, "model": "admin.logentry", "pk": 62}, {"fields": {"action_flag": 1, "action_time": "2015-06-30T18:48:18.235", "object_repr": "Manafacture: Bss3", "object_id": "2", "change_message": "", "user": 1, "content_type": 7}, "model": "admin.logentry", "pk": 63}, {"fields": {"action_flag": 1, "action_time": "2015-06-30T18:48:24.962", "object_repr": "Model: Bruim, Manufacturer: Manafacture: Bss3", "object_id": "7", "change_message": "", "user": 1, "content_type": 8}, "model": "admin.logentry", "pk": 64}, {"fields": {"action_flag": 1, "action_time": "2015-06-30T18:48:35.401", "object_repr": "Manafacture: Jorge", "object_id": "3", "change_message": "", "user": 1, "content_type": 7}, "model": "admin.logentry", "pk": 65}, {"fields": {"action_flag": 1, "action_time": "2015-06-30T18:48:40.600", "object_repr": "Model: Jaca Preta, Manufacturer: Manafacture: Jorge", "object_id": "8", "change_message": "", "user": 1, "content_type": 8}, "model": "admin.logentry", "pk": 66}, {"fields": {"action_flag": 1, "action_time": "2015-06-30T18:49:26.535", "object_repr": "Contact: Jurni, Phone Number: 9191919191, Address: Corn Street", "object_id": "2", "change_message": "", "user": 1, "content_type": 9}, "model": "admin.logentry", "pk": 67}, {"fields": {"action_flag": 1, "action_time": "2015-06-30T18:50:07.053", "object_repr": "Contact: Stark Industries, Phone Number: 931931931, Address: Somewhere in NY", "object_id": "3", "change_message": "", "user": 1, "content_type": 9}, "model": "admin.logentry", "pk": 68}, {"fields": {"action_flag": 1, "action_time": "2015-06-30T18:50:30.588", "object_repr": "Contact: B3s\nPhone Number: 47237361\nAddress: Cansei", "object_id": "2", "change_message": "", "user": 1, "content_type": 10}, "model": "admin.logentry", "pk": 69}, {"fields": {"action_flag": 1, "action_time": "2015-06-30T18:50:51.265", "object_repr": "Contact: Monterey Repair\nPhone Number: 00000000\nAddress: Somewhere over the rainbow", "object_id": "3", "change_message": "", "user": 1, "content_type": 10}, "model": "admin.logentry", "pk": 70}, {"fields": {"action_flag": 1, "action_time": "2015-06-30T18:51:24.263", "object_repr": "QRcode: FHSDIUH423, Year of Purchased: 1992", "object_id": "1", "change_message": "", "user": 1, "content_type": 12}, "model": "admin.logentry", "pk": 71}, {"fields": {"action_flag": 1, "action_time": "2015-06-30T18:53:23.282", "object_repr": "QRcode: FHSDIUH423, Model: Jaca Preta Description: Water Harvesting Certification", "object_id": "1", "change_message": "", "user": 1, "content_type": 23}, "model": "admin.logentry", "pk": 72}, {"fields": {"action_flag": 1, "action_time": "2015-06-30T18:54:37.547", "object_repr": "QRcode: 423FIUHS84, Model: Bruim", "object_id": "2", "change_message": "", "user": 1, "content_type": 12}, "model": "admin.logentry", "pk": 73}, {"fields": {"action_flag": 1, "action_time": "2015-06-30T18:55:12.180", "object_repr": "QRcode: kfadh984u9, Model: Jaca Preta", "object_id": "3", "change_message": "", "user": 1, "content_type": 12}, "model": "admin.logentry", "pk": 74}, {"fields": {"action_flag": 1, "action_time": "2015-06-30T18:55:17.948", "object_repr": "QRcode: kfadh984u9, Model: Jaca Preta Description: Water Harvesting Certification", "object_id": "2", "change_message": "", "user": 1, "content_type": 23}, "model": "admin.logentry", "pk": 75}, {"fields": {"action_flag": 1, "action_time": "2015-06-30T18:55:23.695", "object_repr": "QRcode: 423FIUHS84, Model: Bruim Description: Water Harvesting Certification", "object_id": "3", "change_message": "", "user": 1, "content_type": 23}, "model": "admin.logentry", "pk": 76}, {"fields": {"action_flag": 1, "action_time": "2015-06-30T18:55:35.878", "object_repr": "Implement ID: 1, Qualification ID: 2, Qualification Required: 2, Implement QRcode: FHSDIUH423", "object_id": "1", "change_message": "", "user": 1, "content_type": 22}, "model": "admin.logentry", "pk": 77}, {"fields": {"action_flag": 1, "action_time": "2015-06-30T18:55:43.612", "object_repr": "Implement ID: 3, Qualification ID: 2, Qualification Required: 1, Implement QRcode: kfadh984u9", "object_id": "2", "change_message": "", "user": 1, "content_type": 22}, "model": "admin.logentry", "pk": 78}, {"fields": {"action_flag": 1, "action_time": "2015-06-30T18:55:51.034", "object_repr": "Implement ID: 1, Qualification ID: 3, Qualification Required: 3, Implement QRcode: FHSDIUH423", "object_id": "3", "change_message": "", "user": 1, "content_type": 22}, "model": "admin.logentry", "pk": 79}, {"fields": {"action_flag": 1, "action_time": "2015-06-30T18:56:18.048", "object_repr": "Service Category: Test1", "object_id": "1", "change_message": "", "user": 1, "content_type": 34}, "model": "admin.logentry", "pk": 80}, {"fields": {"action_flag": 1, "action_time": "2015-06-30T18:56:24.692", "object_repr": "Service Category: Fuel", "object_id": "2", "change_message": "", "user": 1, "content_type": 34}, "model": "admin.logentry", "pk": 81}, {"fields": {"action_flag": 1, "action_time": "2015-06-30T18:56:32.314", "object_repr": "Service Category: Fertilize", "object_id": "3", "change_message": "", "user": 1, "content_type": 34}, "model": "admin.logentry", "pk": 82}, {"fields": {"action_flag": 1, "action_time": "2015-06-30T18:56:35.969", "object_repr": "Service Category: Fertilize 2015-06-30 18:56:35 False", "object_id": "1", "change_message": "", "user": 1, "content_type": 35}, "model": "admin.logentry", "pk": 83}, {"fields": {"action_flag": 1, "action_time": "2015-06-30T18:56:45.701", "object_repr": "Description: Test, Expected Date: 2015-06-30 18:56:40, Price: 412.0, Done True", "object_id": "1", "change_message": "", "user": 1, "content_type": 37}, "model": "admin.logentry", "pk": 84}, {"fields": {"action_flag": 1, "action_time": "2015-06-30T19:01:02.400", "object_repr": "Service Category: Fuel, Date: 2015-06-30 19:01:01, Done: False", "object_id": "2", "change_message": "", "user": 1, "content_type": 35}, "model": "admin.logentry", "pk": 85}, {"fields": {"action_flag": 1, "action_time": "2015-06-30T19:01:15.046", "object_repr": "Service Category: Test1, Date: 2015-06-30 19:01:12, Done: True", "object_id": "3", "change_message": "", "user": 1, "content_type": 35}, "model": "admin.logentry", "pk": 86}, {"fields": {"action_flag": 1, "action_time": "2015-06-30T19:01:28.491", "object_repr": "Description: Test1, Expected Date: 2015-06-30 19:01:24, Price: 423.0, Done True", "object_id": "2", "change_message": "", "user": 1, "content_type": 37}, "model": "admin.logentry", "pk": 87}, {"fields": {"action_flag": 1, "action_time": "2015-06-30T19:01:45.601", "object_repr": "Description: Test3, Expected Date: 2015-06-30 19:01:42, Price: 8.0, Done True", "object_id": "3", "change_message": "", "user": 1, "content_type": 37}, "model": "admin.logentry", "pk": 88}, {"fields": {"action_flag": 1, "action_time": "2015-06-30T21:38:16.856", "object_repr": "QRcode: KFJHDSKJH4, Model: Jaca Preta", "object_id": "2", "change_message": "", "user": 1, "content_type": 11}, "model": "admin.logentry", "pk": 89}, {"fields": {"action_flag": 1, "action_time": "2015-06-30T21:39:10.820", "object_repr": "QRcode: KRHDFUSH43, Model: Bruim", "object_id": "3", "change_message": "", "user": 1, "content_type": 11}, "model": "admin.logentry", "pk": 90}, {"fields": {"action_flag": 1, "action_time": "2015-06-30T21:39:14.803", "object_repr": "Machine ID: 3, Certification ID:3, Machine QRcode: KRHDFUSH43", "object_id": "1", "change_message": "", "user": 1, "content_type": 21}, "model": "admin.logentry", "pk": 91}, {"fields": {"action_flag": 1, "action_time": "2015-06-30T21:39:22.150", "object_repr": "Machine ID: 1, Certification ID:1, Machine QRcode: 2173", "object_id": "2", "change_message": "", "user": 1, "content_type": 21}, "model": "admin.logentry", "pk": 92}, {"fields": {"action_flag": 1, "action_time": "2015-06-30T21:39:30.328", "object_repr": "Machine ID: 2, Certification ID:3, Machine QRcode: KFJHDSKJH4", "object_id": "3", "change_message": "", "user": 1, "content_type": 21}, "model": "admin.logentry", "pk": 93}, {"fields": {"action_flag": 1, "action_time": "2015-06-30T21:40:55.828", "object_repr": "Machine ID: 1, Qualification ID: Description: Python Programming, Qualification level required: 2, Machine QRcode: 2173", "object_id": "2", "change_message": "", "user": 1, "content_type": 20}, "model": "admin.logentry", "pk": 94}, {"fields": {"action_flag": 1, "action_time": "2015-06-30T21:41:03.932", "object_repr": "Machine ID: 2, Qualification ID: Description: Python Programming, Qualification level required: 2, Machine QRcode: KFJHDSKJH4", "object_id": "3", "change_message": "", "user": 1, "content_type": 20}, "model": "admin.logentry", "pk": 95}, {"fields": {"action_flag": 1, "action_time": "2015-06-30T21:41:12.613", "object_repr": "Machine ID: 3, Qualification ID: Description: C++ Programming, Qualification level required: 2, Machine QRcode: KRHDFUSH43", "object_id": "4", "change_message": "", "user": 1, "content_type": 20}, "model": "admin.logentry", "pk": 96}, {"fields": {"action_flag": 1, "action_time": "2015-06-30T21:41:33.813", "object_repr": "Description TEST, Expected Date: 2015-06-30 21:41:31, Price:  432.0, Done: True", "object_id": "1", "change_message": "", "user": 1, "content_type": 36}, "model": "admin.logentry", "pk": 97}, {"fields": {"action_flag": 1, "action_time": "2015-06-30T22:22:42.365", "object_repr": "Description OODDD, Expected Date: 2015-06-30 22:22:40, Price:  321.0, Done: True", "object_id": "2", "change_message": "", "user": 1, "content_type": 36}, "model": "admin.logentry", "pk": 98}, {"fields": {"action_flag": 1, "action_time": "2015-06-30T22:22:56.182", "object_repr": "Description FDSF, Expected Date: 2015-06-30 22:22:54, Price:  2.0, Done: True", "object_id": "3", "change_message": "", "user": 1, "content_type": 36}, "model": "admin.logentry", "pk": 99}, {"fields": {"action_flag": 1, "action_time": "2015-06-30T22:23:39.495", "object_repr": "Task ID: 1, Machine ID: 1, Implement ID:1", "object_id": "1", "change_message": "", "user": 1, "content_type": 31}, "model": "admin.logentry", "pk": 100}, {"fields": {"action_flag": 1, "action_time": "2015-06-30T22:23:45.209", "object_repr": "Task ID: 2, Machine ID: 2, Implement ID:2", "object_id": "2", "change_message": "", "user": 1, "content_type": 31}, "model": "admin.logentry", "pk": 101}, {"fields": {"action_flag": 1, "action_time": "2015-06-30T22:23:51.986", "object_repr": "Task ID: 3, Machine ID: 3, Implement ID:3", "object_id": "3", "change_message": "", "user": 1, "content_type": 31}, "model": "admin.logentry", "pk": 102}]