[
   {
      "fields":{
         "name":"John Deere"
      },
      "model":"home.manufacturer",
      "pk":1
   },
   {
      "fields":{
         "name":"CAT"
      },
      "model":"home.manufacturer",
      "pk":2
   },
   {
      "fields":{
         "name":"Kubota"
      },
      "model":"home.manufacturer",
      "pk":3
   },
   {
      "fields":{
         "name":"Wilcox"
      },
      "model":"home.manufacturer",
      "pk":4
   },
   {
      "fields":{
         "name":"Rome"
      },
      "model":"home.manufacturer",
      "pk":5
   },
   {
      "fields":{
         "name":"Konig"
      },
      "model":"home.manufacturer",
      "pk":6
   },
   {
      "fields":{
         "model":"9560RT",
         "manufacturer":1
      },
      "model":"home.manufacturermodel",
      "pk":1
   },
   {
      "fields":{
         "model":"MT865C",
         "manufacturer":2
      },
      "model":"home.manufacturermodel",
      "pk":2
   },
   {
      "fields":{
         "model":"M101",
         "manufacturer":3
      },
      "model":"home.manufacturermodel",
      "pk":3
   },
   {
      "fields":{
         "model":"123456",
         "manufacturer":4
      },
      "model":"home.manufacturermodel",
      "pk":4
   },
   {
      "fields":{
         "model":"789021",
         "manufacturer":5
      },
      "model":"home.manufacturermodel",
      "pk":5
   },
   {
      "fields":{
         "model":"42345",
         "manufacturer":6
      },
      "model":"home.manufacturermodel",
      "pk":6
   },
   {
      "fields":{
         "model":"42345",
         "manufacturer":6
      },
      "model":"home.manufacturermodel",
      "pk":7
   },
   {
      "fields":{
         "address":"3920 Ramada Dr, Paso Robles, CA 93446",
         "name":"Cal-Coast Machinery",
         "number":"8054345566"
      },
      "model":"home.repairshop",
      "pk":1
   },
   {
      "fields":{
         "address":"1300 Abbott St, Salinas, CA 93901",
         "name":"Quinn - Salinas",
         "number":"8317588800"
      },
      "model":"home.repairshop",
      "pk":2
   },
   {
      "fields":{
         "address":"496 Salinas Rd, Watsonville, CA 95076",
         "name":"C & N ",
         "number":"8317222733"
      },
      "model":"home.repairshop",
      "pk":3
   },
   {
      "fields":{
         "address":"12200 River Road, Salinas, CA 93908",
         "name":"Home Ranch Shop",
         "number":"8312621234"
      },
      "model":"home.shop",
      "pk":1
   },
   {
      "fields":{
         "address":"548 Harkins Road, Spreckels, CA 93905",
         "name":"Harkins Shop",
         "number":"8312625678"
      },
      "model":"home.shop",
      "pk":2
   },
   {
      "fields":{
         "address":"7792 Cooper Road, Salinas, CA 93901",
         "name":"Blanco Shop",
         "number":"8312629876"
      },
      "model":"home.shop",
      "pk":3
   },
   {
      "fields":{
         "name":"Test"
      },
      "model":"home.equipmentcategory",
      "pk":1
   },
   {
      "fields":{
         "category":1,
         "name":"test"
      },
      "model":"home.equipmenttype",
      "pk":1
   },
   {
      "fields":{
         "latitude":36.743614,
         "longitude":-121.663742
      },
      "model":"home.gps",
      "pk":1
   },
   {
      "fields":{
         "latitude":36.407641,
         "longitude":-121.355035
      },
      "model":"home.gps",
      "pk":2
   },
   {
      "fields":{
         "latitude":36.703841,
         "longitude":-121.730706
      },
      "model":"home.gps",
      "pk":3
   },
   {
      "fields":{
         "latitude":-36.6541388,
         "longitude":-121.7994307
      },
      "model":"home.gps",
      "pk":4
   },
   {
      "fields":{
         "latitude":-36.7041388,
         "longitude":-121.8094307
      },
      "model":"home.gps",
      "pk":5
   },
   {
      "fields":{
         "latitude":-36.7045389,
         "longitude":-121.7894307
      },
      "model":"home.gps",
      "pk":6
   },
   {
      "fields":{
         "latitude":-36.7042388,
         "longitude":-121.8093307
      },
      "model":"home.gps",
      "pk":7
   },
   {
      "fields":{
         "beacon_serial":"3244",
         "refers":1
      },
      "model":"home.beacon",
      "pk":1
   },
   {
      "fields":{
         "beacon_serial":"6246",
         "refers":1
      },
      "model":"home.beacon",
      "pk":2
   },
   {
      "fields":{
         "beacon_serial":"3245",
         "refers":2
      },
      "model":"home.beacon",
      "pk":3
   },
   {
      "fields":{
         "beacon_serial":"6245",
         "refers":2
      },
      "model":"home.beacon",
      "pk":4
   },
   {
      "fields":{
         "timestamp":"2015-07-21T19:31:31Z",
         "beacon":2,
         "gps":4
      },
      "model":"home.beacongps",
      "pk":1
   },
   {
      "fields":{
         "timestamp":"2015-07-21T19:33:08Z",
         "beacon":1,
         "gps":5
      },
      "model":"home.beacongps",
      "pk":2
   },
   {
      "fields":{
         "timestamp":"2015-07-21T19:36:02Z",
         "beacon":3,
         "gps":6
      },
      "model":"home.beacongps",
      "pk":3
   },
   {
      "fields":{
         "timestamp":"2015-07-21T19:36:46Z",
         "beacon":3,
         "gps":7
      },
      "model":"home.beacongps",
      "pk":4
   },
   {
      "fields":{
         "shop":1,
         "hitch_category":6,
         "photo":"",
         "photo2":"",
         "photo1":"",
         "horsepower":560,
         "base_cost":454112.0,
         "asset_number":"PR000200",
         "manufacturer_model":1,
         "nickname":"Big Guy",
         "qr_code":"123456",
         "repair_shop":1,
         "hitch_capacity":20000,
         "speed_range_min":2.0,
         "serial_number":"1RW9560RT876543",
         "hour_cost":50.0,
         "status":1,
         "speed_range_max":6.0,
         "beacon":null,
         "year_purchased":2013,
         "front_tires":"30",
         "rear_tires":"30",
         "steering":"G",
         "m_type":"T",
         "service_interval":500,
         "drawbar_category":6,
         "operator_station":"a",
         "engine_hours":4023
      },
      "model":"home.machine",
      "pk":1
   },
   {
      "fields":{
         "shop":2,
         "hitch_category":6,
         "photo":"",
         "photo2":"",
         "photo1":"",
         "horsepower":525,
         "base_cost":443568.0,
         "asset_number":"PR000209",
         "manufacturer_model":2,
         "nickname":"Viejo",
         "qr_code":"654321",
         "repair_shop":2,
         "hitch_capacity":19500,
         "speed_range_min":2.0,
         "serial_number":"4321AGCO6789432",
         "hour_cost":45.0,
         "status":3,
         "speed_range_max":6.0,
         "beacon":2,
         "year_purchased":2009,
         "front_tires":"25",
         "rear_tires":"25",
         "steering":"G",
         "m_type":"T",
         "service_interval":500,
         "drawbar_category":4,
         "operator_station":"a",
         "engine_hours":3501
      },
      "model":"home.machine",
      "pk":2
   },
   {
      "fields":{
         "shop":3,
         "hitch_category":5,
         "photo":"",
         "photo2":"",
         "photo1":"",
         "horsepower":98,
         "base_cost":51000.0,
         "asset_number":"PR000165",
         "manufacturer_model":3,
         "nickname":"Chicharito",
         "qr_code":"987654",
         "repair_shop":3,
         "hitch_capacity":3500,
         "speed_range_min":3.0,
         "serial_number":"TM100543627",
         "hour_cost":8.0,
         "status":2,
         "speed_range_max":11.0,
         "beacon":1,
         "year_purchased":2012,
         "front_tires":"12.4R24",
         "rear_tires":"18.4R30",
         "steering":"M",
         "m_type":"T",
         "service_interval":500,
         "drawbar_category":3,
         "operator_station":"c",
         "engine_hours":5200
      },
      "model":"home.machine",
      "pk":3
   },
   {
      "fields":{
         "shop":2,
         "hitch_category":5,
         "horse_power_req":160,
         "photo":"",
         "photo2":"",
         "photo1":"",
         "base_cost":40554.0,
         "asset_number":"PR000312",
         "manufacturer_model":5,
         "qr_code":"213654",
         "speed_range_min":3.0,
         "serial_number":"987654321M",
         "hour_cost":14.75,
         "status":3,
         "speed_range_max":5.5,
         "implement_hours":10540,
         "hitch_capacity_req":10000,
         "year_purchased":2009,
         "nickname":"El Dorado",
         "repair_shop":2,
         "equipment_type":1,
         "service_interval":500,
         "beacon":null,
         "drawbar_category":4
      },
      "model":"home.implement",
      "pk":1
   },
   {
      "fields":{
         "shop":1,
         "hitch_category":6,
         "horse_power_req":500,
         "photo":"",
         "photo2":"",
         "photo1":"",
         "base_cost":75000.0,
         "asset_number":"PR000315",
         "manufacturer_model":4,
         "qr_code":"546987",
         "speed_range_min":2.0,
         "serial_number":"123456789Q",
         "hour_cost":20.0,
         "status":1,
         "speed_range_max":5.0,
         "implement_hours":16550,
         "hitch_capacity_req":1,
         "year_purchased":2008,
         "nickname":"Gigante",
         "repair_shop":2,
         "equipment_type":1,
         "service_interval":500,
         "beacon":4,
         "drawbar_category":6
      },
      "model":"home.implement",
      "pk":8
   },
   {
      "fields":{
         "shop":3,
         "hitch_category":3,
         "horse_power_req":135,
         "photo":"",
         "photo2":"",
         "photo1":"",
         "base_cost":32458.0,
         "asset_number":"PR000321",
         "manufacturer_model":6,
         "qr_code":"879456",
         "speed_range_min":4.0,
         "serial_number":"456982173T",
         "hour_cost":5.6,
         "status":3,
         "speed_range_max":7.0,
         "implement_hours":9854,
         "hitch_capacity_req":8500,
         "year_purchased":2010,
         "nickname":"Rojo",
         "repair_shop":2,
         "equipment_type":1,
         "service_interval":500,
         "beacon":3,
         "drawbar_category":3
      },
      "model":"home.implement",
      "pk":9
   },
   {
      "fields":{
         "organic":false,
         "name":"Home Ranch Field 1 Block A",
         "size":200.0
      },
      "model":"home.field",
      "pk":1
   },
   {
      "fields":{
         "organic":true,
         "name":"Mission Ranch Field 2 Block B",
         "size":150.0
      },
      "model":"home.field",
      "pk":2
   },
   {
      "fields":{
         "organic":false,
         "name":"Cooper Ranch Field 3 Block C",
         "size":86.0
      },
      "model":"home.field",
      "pk":3
   },
   {
      "fields":{
         "description":"Ground Prep"
      },
      "model":"home.taskcategory",
      "pk":1
   },
   {
      "fields":{
         "description":"Spraying"
      },
      "model":"home.taskcategory",
      "pk":2
   },
   {
      "fields":{
         "category":1,
         "passes":4,
         "rate_cost":100.0,
         "description":"do not enter if standing water present",
         "task_end":null,
         "status":1,
         "pause_total":null,
         "field":1,
         "hours_spent":10.0,
         "pause_start":null,
         "pause_end":null,
         "hours_prediction":10.0,
         "date_assigned":null,
         "task_init":null
      },
      "model":"home.task",
      "pk":1
   },
   {
      "fields":{
         "category":1,
         "passes":5,
         "rate_cost":100.0,
         "description":"do not enter if standing water present",
         "task_end":null,
         "status":1,
         "pause_total":null,
         "field":2,
         "hours_spent":10.0,
         "pause_start":null,
         "pause_end":null,
         "hours_prediction":9.0,
         "date_assigned":null,
         "task_init":null
      },
      "model":"home.task",
      "pk":2
   },
   {
      "fields":{
         "category":2,
         "passes":1,
         "rate_cost":65.0,
         "description":"make sure all nozzles cleaned with water after task completed",
         "task_end":null,
         "status":1,
         "pause_total":null,
         "field":3,
         "hours_spent":10.0,
         "pause_start":null,
         "pause_end":null,
         "hours_prediction":6.0,
         "date_assigned":null,
         "task_init":null
      },
      "model":"home.task",
      "pk":3
   },
   {
      "fields":{
         "category":1,
         "passes":6,
         "rate_cost":0.0,
         "description":"This is just a simple description",
         "task_end":null,
         "status":1,
         "pause_total":null,
         "field":1,
         "hours_spent":0.0,
         "pause_start":null,
         "pause_end":null,
         "hours_prediction":5.0,
         "date_assigned":"2015-07-07T00:06:00Z",
         "task_init":null
      },
      "model":"home.task",
      "pk":5
   },
   {
      "fields":{
         "contact_number":"8315957412",
         "language":2,
         "photo":"",
         "qr_code":"987321",
         "company_id":"ER000109",
         "last_task":null,
         "active":true,
         "permission_level":2,
         "hour_cost":14.75,
         "start_date":"2000-05-16",
         "user":4
      },
      "model":"home.employee",
      "pk":1
   },
   {
      "fields":{
         "contact_number":"8312629632",
         "language":3,
         "photo":"",
         "qr_code":"654852",
         "company_id":"ER000110",
         "last_task":null,
         "active":true,
         "permission_level":1,
         "hour_cost":15.5,
         "start_date":"1996-08-19",
         "user":5
      },
      "model":"home.employee",
      "pk":2
   },
   {
      "fields":{
         "contact_number":"8315958569",
         "language":2,
         "photo":"",
         "qr_code":"789741",
         "company_id":"ER000113",
         "last_task":null,
         "active":false,
         "permission_level":1,
         "hour_cost":10.15,
         "start_date":"2014-12-07",
         "user":6
      },
      "model":"home.employee",
      "pk":3
   },
   {
      "fields":{
         "contact_number":"00000000000000",
         "language":1,
         "photo":"",
         "qr_code":"0000000000",
         "company_id":"0000000000",
         "last_task":null,
         "active":true,
         "permission_level":1,
         "hour_cost":0.0,
         "start_date":"2015-07-15",
         "user":3
      },
      "model":"home.employee",
      "pk":4
   },
   {
      "fields":{
         "employee":3,
         "date":"2015-07-08"
      },
      "model":"home.employeewithdrawn",
      "pk":1
   },
   {
      "fields":{
         "employee":1,
         "date":"2015-07-01",
         "signature":null,
         "hour_started":"06:00:00",
         "hour_ended":"16:00:00"
      },
      "model":"home.employeeattendance",
      "pk":1
   },
   {
      "fields":{
         "employee":2,
         "date":"2015-07-01",
         "signature":null,
         "hour_started":"06:03:00",
         "hour_ended":"16:15:00"
      },
      "model":"home.employeeattendance",
      "pk":2
   },
   {
      "fields":{
         "employee":3,
         "date":"2015-07-01",
         "signature":null,
         "hour_started":"06:28:00",
         "hour_ended":"15:50:00"
      },
      "model":"home.employeeattendance",
      "pk":3
   },
   {
      "fields":{
         "employee":4,
         "date":"2015-07-17",
         "signature":"",
         "hour_started":"16:59:29",
         "hour_ended":null
      },
      "model":"home.employeeattendance",
      "pk":4
   },
   {
      "fields":{
         "start":"16:14:04",
         "attendance":1,
         "end":null
      },
      "model":"home.break",
      "pk":1
   },
   {
      "fields":{
         "start":"16:14:18",
         "attendance":1,
         "end":"16:30:00"
      },
      "model":"home.break",
      "pk":2
   },
   {
      "fields":{
         "start":"16:14:32",
         "attendance":1,
         "end":"16:50:00"
      },
      "model":"home.break",
      "pk":3
   },
   {
      "fields":{
         "description":"Ground Prep"
      },
      "model":"home.qualification",
      "pk":1
   },
   {
      "fields":{
         "description":"Spraying"
      },
      "model":"home.qualification",
      "pk":2
   },
   {
      "fields":{
         "description":"Organic",
         "year":null
      },
      "model":"home.certification",
      "pk":2
   },
   {
      "fields":{
         "description":"Food Safety",
         "year":null
      },
      "model":"home.certification",
      "pk":3
   },
   {
      "fields":{
         "description":"Customer Relationship Management",
         "year":null
      },
      "model":"home.certification",
      "pk":4
   },
   {
      "fields":{
         "employee":1,
         "qualification":1,
         "level":2
      },
      "model":"home.employeequalifications",
      "pk":1
   },
   {
      "fields":{
         "employee":2,
         "qualification":1,
         "level":3
      },
      "model":"home.employeequalifications",
      "pk":2
   },
   {
      "fields":{
         "employee":3,
         "qualification":2,
         "level":1
      },
      "model":"home.employeequalifications",
      "pk":3
   },
   {
      "fields":{
         "employee":2,
         "certification":2
      },
      "model":"home.employeecertifications",
      "pk":2
   },
   {
      "fields":{
         "employee":3,
         "certification":3
      },
      "model":"home.employeecertifications",
      "pk":3
   },
   {
      "fields":{
         "employee":3,
         "certification":4
      },
      "model":"home.employeecertifications",
      "pk":4
   },
   {
      "fields":{
         "machine":1,
         "qualification":1,
         "qualification_required":2
      },
      "model":"home.machinequalification",
      "pk":1
   },
   {
      "fields":{
         "machine":2,
         "qualification":1,
         "qualification_required":2
      },
      "model":"home.machinequalification",
      "pk":2
   },
   {
      "fields":{
         "machine":3,
         "qualification":2,
         "qualification_required":1
      },
      "model":"home.machinequalification",
      "pk":3
   },
   {
      "fields":{
         "implement":1,
         "certification":2
      },
      "model":"home.implementcertification",
      "pk":1
   },
   {
      "fields":{
         "implement":8,
         "certification":3
      },
      "model":"home.implementcertification",
      "pk":2
   },
   {
      "fields":{
         "field":1,
         "gps":1
      },
      "model":"home.fieldlocalization",
      "pk":1
   },
   {
      "fields":{
         "field":2,
         "gps":2
      },
      "model":"home.fieldlocalization",
      "pk":2
   },
   {
      "fields":{
         "field":3,
         "gps":3
      },
      "model":"home.fieldlocalization",
      "pk":3
   },
   {
      "fields":{
         "employee":1,
         "latitude":36.743614,
         "e_time":"2015-07-08T14:00:00Z",
         "longitude":-121.663742
      },
      "model":"home.employeelocalization",
      "pk":1
   },
   {
      "fields":{
         "employee":2,
         "latitude":36.407641,
         "e_time":"2015-07-08T14:30:00Z",
         "longitude":-121.355035
      },
      "model":"home.employeelocalization",
      "pk":2
   },
   {
      "fields":{
         "employee":3,
         "latitude":36.703841,
         "e_time":"2015-07-08T16:13:00Z",
         "longitude":-121.730706
      },
      "model":"home.employeelocalization",
      "pk":3
   },
   {
      "fields":{
         "employee":1,
         "start_time":null,
         "task":1,
         "end_time":"2015-07-08T23:03:15Z",
         "hours_spent":0.0
      },
      "model":"home.employeetask",
      "pk":1
   },
   {
      "fields":{
         "employee":2,
         "start_time":null,
         "task":2,
         "end_time":"2015-07-08T23:03:31Z",
         "hours_spent":4.0
      },
      "model":"home.employeetask",
      "pk":2
   },
   {
      "fields":{
         "employee":3,
         "start_time":null,
         "task":3,
         "end_time":"2015-07-08T23:03:41Z",
         "hours_spent":5.0
      },
      "model":"home.employeetask",
      "pk":3
   },
   {
      "fields":{
         "employee":4,
         "start_time":null,
         "task":5,
         "end_time":null,
         "hours_spent":0.0
      },
      "model":"home.employeetask",
      "pk":5
   },
   {
      "fields":{
         "machine":1,
         "employee_task":1,
         "task":1
      },
      "model":"home.machinetask",
      "pk":1
   },
   {
      "fields":{
         "machine":2,
         "employee_task":2,
         "task":2
      },
      "model":"home.machinetask",
      "pk":2
   },
   {
      "fields":{
         "machine":3,
         "employee_task":3,
         "task":3
      },
      "model":"home.machinetask",
      "pk":3
   },
   {
      "fields":{
         "machine":1,
         "employee_task":5,
         "task":5
      },
      "model":"home.machinetask",
      "pk":5
   },
   {
      "fields":{
         "implement":1,
         "task":1,
         "machine_task":1
      },
      "model":"home.implementtask",
      "pk":1
   },
   {
      "fields":{
         "implement":8,
         "task":2,
         "machine_task":2
      },
      "model":"home.implementtask",
      "pk":2
   },
   {
      "fields":{
         "implement":9,
         "task":3,
         "machine_task":3
      },
      "model":"home.implementtask",
      "pk":3
   },
   {
      "fields":{
         "implement":1,
         "task":5,
         "machine_task":5
      },
      "model":"home.implementtask",
      "pk":4
   },
   {
      "fields":{
         "implement":8,
         "task":5,
         "machine_task":5
      },
      "model":"home.implementtask",
      "pk":5
   },
   {
      "fields":{
         "a_type":"Fertilizer"
      },
      "model":"home.appendix",
      "pk":1
   },
   {
      "fields":{
         "a_type":"Fuel"
      },
      "model":"home.appendix",
      "pk":2
   },
   {
      "fields":{
         "a_type":"Pesticide"
      },
      "model":"home.appendix",
      "pk":3
   },
   {
      "fields":{
         "brand":"Lawnzilla",
         "appendix":1,
         "quantity":10,
         "task":1
      },
      "model":"home.appendixtask",
      "pk":1
   },
   {
      "fields":{
         "brand":"B-Sure",
         "appendix":3,
         "quantity":10,
         "task":2
      },
      "model":"home.appendixtask",
      "pk":2
   },
   {
      "fields":{
         "brand":"Chevron",
         "appendix":2,
         "quantity":10,
         "task":3
      },
      "model":"home.appendixtask",
      "pk":3
   },
   {
      "fields":{
         "service_category":"Add Fuel"
      },
      "model":"home.servicecategory",
      "pk":1
   },
   {
      "fields":{
         "service_category":"Broken Engine"
      },
      "model":"home.servicecategory",
      "pk":2
   },
   {
      "fields":{
         "service_category":"Change Filter"
      },
      "model":"home.servicecategory",
      "pk":3
   },
   {
      "fields":{
         "description":"10 Galons",
         "expected_date":"2015-07-09T19:53:05Z",
         "accomplished_date":null,
         "price":12.0,
         "machine":1,
         "service":1,
         "assigned_date":"2015-07-09T19:53:04Z"
      },
      "model":"home.machineservice",
      "pk":1
   },
   {
      "fields":{
         "category":1,
         "refers":1,
         "description":"Did you let the turbo cool down?"
      },
      "model":"home.question",
      "pk":1
   },
   {
      "fields":{
         "category":1,
         "refers":1,
         "description":"Do the tracks have normal heat signatures?"
      },
      "model":"home.question",
      "pk":2
   },
   {
      "fields":{
         "answer":true,
         "date":"2015-07-09T20:07:34Z",
         "photo":"",
         "question":1,
         "note":"",
         "employee":null,
         "qrCode":1
      },
      "model":"home.machinechecklist",
      "pk":1
   },
   {
      "fields":{
         "answer":true,
         "date":"2015-07-09T22:29:06Z",
         "photo":"",
         "question":2,
         "note":"",
         "employee":null,
         "qrCode":9
      },
      "model":"home.implementchecklist",
      "pk":1
   }
]